Instancia, n, K, m, z, S, Tiempo CPU, nodos generados
max_div_15_2.txt, 15, 2, 5, 10, 2, 79.1295, 0 8 3 5 6 , 0.942346, 7072
max_div_15_3.txt, 15, 3, 5, 10, 2, 96.0858, 13 4 8 11 3 , 0.332096, 797
max_div_20_2.txt, 20, 2, 5, 10, 2, 63.6517, 1 17 18 8 13 , 2.11822, 3293
max_div_20_3.txt, 20, 3, 5, 10, 2, 92.8297, 16 12 2 13 7 , 0.687855, 504
max_div_30_2.txt, 30, 2, 5, 10, 2, 80.9102, 1 8 10 27 12 , 9.63386, 1772
max_div_30_3.txt, 30, 3, 5, 10, 2, 99.592, 5 13 14 16 23 , 8.47563, 1457
