Instancia, n, K, m, z, S, Tiempo CPU, nodos generados
max_div_15_2.txt, 15, 2, 4, 10, 2, 49.8268, 8 6 0 5 , 0.11858, 365
max_div_15_3.txt, 15, 3, 4, 10, 2, 59.7638, 8 10 4 11 , 0.086624, 113
max_div_20_2.txt, 20, 2, 4, 10, 2, 40.0023, 2 8 1 18 , 0.312282, 245
max_div_20_3.txt, 20, 3, 4, 10, 2, 56.6903, 16 12 13 2 , 0.230512, 148
max_div_30_2.txt, 30, 2, 4, 10, 2, 52.7712, 8 27 1 10 , 0.787835, 136
max_div_30_3.txt, 30, 3, 4, 10, 2, 63.702, 23 5 16 13 , 0.706208, 132
