Instancia, n, K, m, z, S, Tiempo CPU, nodos generados
max_div_15_2.txt, 15, 2, 3, 10, 2, 27.3727, 8 0 6 , 0.0114982, 56
max_div_15_3.txt, 15, 3, 3, 10, 2, 31.8685, 4 6 11 , 0.0114421, 38
max_div_20_2.txt, 20, 2, 3, 10, 2, 21.9961, 8 17 18 , 0.0262791, 18
max_div_20_3.txt, 20, 3, 3, 10, 2, 30.8727, 12 13 7 , 0.0291914, 12
max_div_30_2.txt, 30, 2, 3, 10, 2, 28.9443, 1 8 27 , 0.095573, 18
max_div_30_3.txt, 30, 3, 3, 10, 2, 34.2905, 5 23 16 , 0.120771, 24
